{"cameraMode":{"drawMode":0,"name":"Shaded","section":"Shading Mode"},"sceneLighting":true,"audioPlay":false,"sceneViewState":{"showFog":true,"showMaterialUpdate":false,"showSkybox":true,"showFlares":true,"showImageEffects":true,"showParticleSystems":true},"in2DMode":false,"pivot":{"x":-86.12740325927735,"y":149.13128662109376,"z":-29.082500457763673},"rotation":{"x":0.38373303413391116,"y":0.38304105401039126,"z":-0.17848607897758485,"w":0.8215475678443909},"size":780.7451171875,"orthographic":false}