{"cameraMode":{"drawMode":0,"name":"Shaded","section":"Shading Mode"},"sceneLighting":false,"audioPlay":false,"sceneViewState":{"showFog":true,"showMaterialUpdate":false,"showSkybox":true,"showFlares":true,"showImageEffects":true,"showParticleSystems":true},"in2DMode":false,"pivot":{"x":-9.821907043457032,"y":22.965543746948243,"z":21.969038009643556},"rotation":{"x":-0.04423372074961662,"y":-0.7630425095558167,"z":0.053317368030548099,"w":-0.6430692672729492},"size":16.242963790893556,"orthographic":false}